method,mean_pre,sd_pre,share_sig,n_panels
TWFE,-0.3220170213953286,1.3030387086337396,0.5652173913043478,23
dCdH,-0.5518195652173913,0.5810276633883533,0.6956521739130435,23
