moran_i,expected,variance,p_value
0.23941783844704007,-4.6189376443418013e-4,1.6156964905653798e-4,9.725148955642795e-80
